DW_TEMPO;ds_invoice_date;Ano;Mes;Dia;Trimestre
9aa23ec6009ce1a21d3fa3dfc3293f4fe99e80f1346b05c4ceffd5aa8db45435;27/04/2017;"";"";"";""
61e86d6c8d17581bc970e7d072bbd79b3d6b1d47fed565fea7ea2254bb0b900c;05/05/2018;"";"";"";""
4c381e75ce71a7abe741b2dccba52af49c93b5d37e7b6db635675013c9976658;29/06/2017;"";"";"";""
cf9091ff24d812e750385192fa877514613b811cc1b095622162f4fe83077a38;28/01/2018;"";"";"";""
c08537960dbba957d99dfb5e3795c9863caf980130bbb6ce958575abdd55416b;13/12/2017;"";"";"";""
e51fc6ba86e7689680eaf4cf6055602c093e8adb48ade699843799592a42e295;19/03/2018;"";"";"";""
ef076d0baae349f0812dda030108477705e349bf97f3cdf6249114bc4470da2b;01/09/2017;"";"";"";""
e14742dada917871bd323fea1f9b96dcc097d88725d331105fb96b5a846bcf40;08/09/2017;"";"";"";""
8e978f696c8d08bae063217b408929fbe4260622a5e5de96b6e70e0276911a9d;09/11/2018;"";"";"";""
695bc8135e61c66d7b128a47644cdad49452681044c9d35ff0ee598d986818a7;15/07/2018;"";"";"";""
4f3e000a7ad0206c28ef5999faabc30acbf1b6c58fb70f0b5ec49224b7a2a412;13/10/2018;"";"";"";""
3973cdc0ea863a5ddd91abda9a4e3ba95f447df4a0ae44cedca2244d2efbc474;25/09/2017;"";"";"";""
3adcda8f4a788fabf980930cf1252cd3316d57b4924ac4c2d82b92d01efa997e;25/10/2018;"";"";"";""
c40b0b3b98e7128ae2b2405030a90a1845305457f2ac5ac8e457626bbadf7015;11/07/2017;"";"";"";""
b5a90b22e330c174fb128c8757714c8e34889bc60a80867df15c696c3aea434c;24/08/2018;"";"";"";""
fad0ac7cd6f1bdc3a2868c46ee6c06078cbfa506c0b9d5a3a2a498c230db18d6;29/12/2018;"";"";"";""
283c77194c4f96f306d19f6178a1cfe4c3da3e43a6ba9d20124e23d0b6261078;23/02/2017;"";"";"";""
ab0cc47fdd66238efdfe510328ead07cba33f32e81c17224cace27cf71c2dd59;25/02/2019;"";"";"";""
83f09c8b35094007053636cb2eebeb68dcab33e6c019263bdfc8211a005e7851;05/02/2017;"";"";"";""
a1d6ffbfc3997f3d6c3bacee45c3f9f3de7b2a34f603ba26a6737db067ebed43;19/11/2018;"";"";"";""
84a323d258ec83dd872270f8959c44029835370228c4d82058d02186c6301c48;05/01/2018;"";"";"";""
5fcf3513e8d6d8c1e74063256e6893e2ec5ac00f7f23a41e0f2b77e312b99d53;24/01/2017;"";"";"";""
fd4fe7dc5511737879838030defc87a3eed244bfda4ef45a32713512fdcc7225;11/02/2018;"";"";"";""
89574bbd4ffd651141163c412a4e239cce02e20175205b3386574afdd1d2d33c;03/03/2017;"";"";"";""
7d6d09f3fe4cf3cf56f6e961ee3e85631f0fe265c8cf81166e748dba0a743d82;15/03/2018;"";"";"";""
d1bf0d294307cf3daa6286c78567e79a5e519b78c5acb6160fe96ac475bf1ce0;04/07/2017;"";"";"";""
de104e0fee56b9ba16a4a31bf6f0dd4a95836f2c2bb39347ae9557afabc43bbc;20/08/2018;"";"";"";""
62178f913c6f6c97eb243a3f493f9ba2d07659728f86ecea3ee771d0c64a79dc;15/02/2019;"";"";"";""
d9e8c077e5c44f1a21c511644f04f18c583e881196d66128c41e4f0b2912d3d5;27/09/2018;"";"";"";""
2fd71c4d9060846797e79015c395818dd34af45d7586c0ac62424c149044ee70;16/02/2017;"";"";"";""
1601a48b5ab29ce3ab49a155ac2a622995efb6ccdf07c1ce2fc8a19881a00168;16/04/2018;"";"";"";""
3c0bffc6e7e81ee3ca7ca26f42af256ca0548dcc1114f5473555d098b7db237e;24/09/2018;"";"";"";""
3384b23dae693b93517ce16771c03e6e43ca5d2632e2eb0036a133463c1b9c5d;11/11/2018;"";"";"";""
9ccbfaa08dbee254c97ffaf92b499437bf2b602c4f77ef6e86c67aae2d0978a5;26/08/2018;"";"";"";""
9bf36dff99a81ed60b881983d2a27f9f40419daf134c70114478278170ea9697;05/11/2018;"";"";"";""
56bed0f3314345056298934bb6b93fc4ba5c6753ea54a67d8284ccbce52b74d5;17/02/2018;"";"";"";""
6468a01c8f0c35c5c539969edd8d289aa579a8f4518356737dd82c947b5f9b50;11/08/2017;"";"";"";""
1ada34b65e9e5c2e364567d0edfc56a3a8a8e56d0455fa358cd569a46f5dd3c8;21/10/2018;"";"";"";""
c122cdcd957d230c1e614a40a0a24a1d88496133b2c0f0de6d23659c4df00a0a;08/01/2019;"";"";"";""
a7a788aad5a9bf9589a63f350ab4548ae9c8598ab2dd53234ee724f6dfc2dc86;27/07/2018;"";"";"";""
7cdf990ad60b17fbfa64b6b628938f94a6f7276951e2bc420ee4b87386d8de3f;14/05/2018;"";"";"";""
945d7ef3f6eee4975d16b9d2dd123a75bd4032157be8f0bf7efcc2e9e61d2b7e;18/12/2017;"";"";"";""
204fae7e937b4b550ec3f2a78a74539f7087cfc1ee6c30ac5fde63d71a4b3165;04/02/2018;"";"";"";""
20fd5709d95941019ce84f6473ed2c2aa7fb5df46cc42ac557bf1735c2948ae5;23/12/2018;"";"";"";""
37eca06bdd29cb9b19f791692923d0e72f27c9406e1a7bfba408886bdc574087;16/02/2019;"";"";"";""
beaa50c6bfad0568f70df79821e35352ae495791bbc43f54da2cdb0fae10cda6;19/02/2019;"";"";"";""
5b3c10882ef9998681f3b1b0a1e8cffbc031967001ae8992a20c92b25b89f97a;25/11/2018;"";"";"";""
8eb6ccd249956e4d9b2a935e1032c869c2dd696723835fb98929422d901bace4;04/03/2018;"";"";"";""
c2128764b03516b1a2df8499492316ca98b8450364e9439f205704ca27d7ab96;15/01/2019;"";"";"";""
31fdfe578c3774a996daa51a853cf3007b53826aded84e4f1ae68a1d90b0c8b9;16/03/2017;"";"";"";""
5971c6b08cc42af34acdce9db6ec22e556de5ca6826222894f98fe670d5da37b;19/10/2017;"";"";"";""
d0db790c1d1f7357e9a06bd3fb1188e6f3a1caef1f02fdfeec729e7a77370f4c;10/03/2019;"";"";"";""
dde9a278055d33864132d6a3be963c2a50ce142ea78f8f54285f2fa0ef612f5e;23/04/2018;"";"";"";""
5d8f0e5704b9651671cb4374a520d56e8f88cebc4718d7798ca45c8ad11eac78;10/05/2018;"";"";"";""
c5d005239b299be8d7ddc3fa8678f054531da87aec8554ce1aa12bba04e36c2d;09/11/2017;"";"";"";""
2c17384e1ed64619ceadad980b6a8d392aadd43f8b3208e700295a84c2e566c5;12/12/2017;"";"";"";""
801dfbeb2cdc39eff613585a514ab0ae6889567ce20a0a4f640943d8fd5018d8;06/04/2017;"";"";"";""
44566bf77089e6ab2f984f4c45672a9b1386ffa6baacf8feb913fbc534ce2475;08/11/2018;"";"";"";""
0d853074266c3d2cc592e9c50941017b6d4f4760dc598f8e8c04797c4ccc7a98;01/02/2019;"";"";"";""
795fc8429c6a13cce3720c821ce016ea4ad180c62f28ac56752c79c60b87404a;19/07/2018;"";"";"";""
0d973aee3537a6a3cf2fcb975f154e40a99fb25f2042da6abd07bfd44152f4e1;17/05/2018;"";"";"";""
e085fe60f535850c0bb6dbd0c901bd49d5dc2b8e6f27dbacba4f6754a0aa2f28;19/01/2018;"";"";"";""
d88dd050100b988c48f729a7745982cca33234329340e7d8a7aca0c1b355f674;19/06/2017;"";"";"";""
351891d258cb685de9f0ba74c24c466b5fd764b4c62cd496acd44d240c34bf29;04/10/2017;"";"";"";""
c727de2cdda8762ce6e5c90449b72a186830be6a77d94cfd57fa4f1f95c9b1e8;13/01/2018;"";"";"";""
1b578fd9b60ec6cbbcec72d59c9ccf34cf89f0b273c9f4c6807c968e41ea3bd7;14/01/2018;"";"";"";""
20de040282e44b5b73c2214910e69f0bade51846fe29cc9809c1a6ff307b34c8;02/02/2018;"";"";"";""
853ee0a40204f35c4529b307cdc1054e60ef1b7ae937ca510594896ca660f389;07/05/2018;"";"";"";""
1a6fcc1d89925af75a0b61f1468aa6022098c479f885c89919d49d755ce7aac4;01/06/2017;"";"";"";""
d2affe913965456066b95684103ef23de59b76fcb26bbc81649bb4bdf6ea3d33;14/06/2017;"";"";"";""
dab0d21c4cfbb66f1f81aa29d5b8dc2c5d5263667f59efeb382541c8d8bafb03;15/10/2018;"";"";"";""
a43171376e1239d235737e0a20d5b6f705a30413d06ec22d5f06701ebe67862c;17/01/2017;"";"";"";""
a2dd5c42f11b3e2176f68cc5b2b4d3cf9f1b8ef1fedcc7c5a1b4687dd17c3bd5;09/05/2017;"";"";"";""
679fc90277ea55c60ed160d41be6d1c368c731f961c82131a3b7eef85f10c04a;08/06/2017;"";"";"";""
d220edbd850c6f87aff61e93b94efb1fd54287cac8e3b7a1bee59ac25484877c;25/05/2017;"";"";"";""
d5172d1af91db31edf52d6252d7564e3b8178662a6e3dafde46d7d449e580ea6;06/06/2017;"";"";"";""
17db0a881eefb29b9f080225694efc149612779a13a732e6da2c979756f5a098;06/09/2017;"";"";"";""
6639bf5498d23df78918167e3c8343bb24571ae01c24a3257118d05634496e30;29/11/2017;"";"";"";""
3e10111a32fb69651eb9065ff92c694d10edf8fb0b2a316e8745d6bfe448ce56;01/03/2019;"";"";"";""
2f0204725e044c6944d7b50c1a1e881db0107f0780cdc720cccb9f10ca6e1554;16/01/2017;"";"";"";""
e98cc395f1034291ef67e988beea983b9ddccc621ef151300e432f9cb2731c55;30/10/2017;"";"";"";""
c70cdc90053b04ec383b2aa8eec8eb13f6dd347c2191bcaf9466cf062438e8f2;06/02/2017;"";"";"";""
8b2220e6fcd970a04efb96dc7b4e50c92a0fab213c5379b9dfed43c933202e4c;17/03/2018;"";"";"";""
01f7956b0a1f119d2604dcea8263fbe407b39153de87c246ba891a1da76e466d;10/08/2017;"";"";"";""
60978a08fe433d0f1831a9d3972f6ac4910430a13382bd2f12443660b1126338;27/08/2018;"";"";"";""
7a16be6c208a8e4670169b925bded2271210368e1ada15014dbf2c2dc478a3e0;03/11/2017;"";"";"";""
7770405c756e5ac0afc0548edfa5eb97ef696b245cfc7b40a38872beeed5c99a;07/03/2019;"";"";"";""
50c35ccb23073e4cec1b3e6a9f5c579d981d5ba9ae70a16ae4476bd524aaaef9;28/06/2018;"";"";"";""
9cf7f720ff8efcabb519252978fee0758e418066d27c2ae9259db60c75c38997;16/01/2018;"";"";"";""
dea0110403d0a0e2923a5c77195026b6a192694def055596c05b3291d0c6bf2b;22/02/2017;"";"";"";""
cf16fff63be836c3a46f3324c04228b56bf8590b81fda1e3ee835a902bae4fdf;09/03/2017;"";"";"";""
503149d832fe1830de140a6ea343197be9d7af6f99e16aacb3f18f53dcae40c4;02/11/2017;"";"";"";""
031c6c4241377d73c43b8bba20680e65a36b7f19d59939d8d964bbaa5742ca2f;03/06/2018;"";"";"";""
e1b380b89911eb9e59c6c60ce920b80c1c883ee580ed92e947788d02d2bd3552;26/07/2017;"";"";"";""
fefdc488d550fb68588b4aa8acbdd978ddef7985c28f108664d1c7d959145d0a;08/11/2017;"";"";"";""
9c5597ca781d8e839c2e9e33d1432ba69f363224061e158a350258be1bd675e8;26/12/2017;"";"";"";""
e4b56cebc6e5d1f1eaf54d356b047ef82cc4ca7dbdd05ee1cbac6da33d0d11fe;02/02/2019;"";"";"";""
f6fd1975f16a73356372122584a67137b3fe1a8ef8119c76452497ff857ca876;17/08/2017;"";"";"";""
e7716b8e6c227b6e5e0d4b297a7ab6ea833c0c846409fa42c5aedbcd6098ce6e;12/10/2017;"";"";"";""
97ffae1c33e5d7dc36bafd017ef7d773c990723b221933eb21b98322dbc385e1;24/10/2017;"";"";"";""
f591a5c60533e5b054942243beaa832473bc11dcdab3e217c99ee36a320e9f1f;28/04/2017;"";"";"";""
bd711a378ce748a25bcf3dd68411db621e0e6f8b575b4241e1bfe62ac21e6c51;15/08/2017;"";"";"";""
60b9b71ae07a7e425039706e49f63831693d79e435c8e6a3b3c7644b76541198;06/10/2017;"";"";"";""
cef019a036144630bfe4dc2559e7340a60abcb841dc13bc473d32715c3caf3fc;11/10/2017;"";"";"";""
976b982bf2226326caaed6d17ee34f9c9e922ec8be9e7be02cb777f94511b11b;08/07/2018;"";"";"";""
c0df702f8e5b891b24d59a3acda6e811a7490896a25f595be0ad0024224b905f;22/01/2018;"";"";"";""
5f2f36d7933465ddd599bda42483fac08d49cecaa9ba7b17c82b6afec0626e79;24/12/2018;"";"";"";""
1203e97d796f44fb9a15d8d0961b9a434b75c5c3b6e9cdac287f07928be5b559;10/08/2018;"";"";"";""
f24500289fda9e49803a013013b7326a1e9ddf0e84d0db340fcbe70561e7c175;08/02/2017;"";"";"";""
5ed5ccc73eb913b899993c522397f17eda0f460278d2a64bbcc4304d049f366b;12/02/2017;"";"";"";""
0ac8073a603a1d7bf6142f51b19c00b1ebcf4732107a92572c74908d520f589b;04/06/2018;"";"";"";""
6b88862607c8e2f838a7b1ec1fb1384c767fcd5620d5b1495520b53d475ee717;22/06/2018;"";"";"";""
d0b3102f4cb2e4bd5b27472d511d2a2f0a8484b14df375786369c489b3171cbb;27/10/2017;"";"";"";""
6047dcde282e35ac9981726ae85cbbca1d08104546d9d6c9652afe1d94c699af;31/12/2017;"";"";"";""
32003d7060b6e7be4ba4f33844dbc192159e0920f258680a9b1261e3c2919751;21/11/2017;"";"";"";""
939db0d8546ac5bf6c3aaf3f31e5135367ca4f072a6f978d9ef363714afe1772;19/12/2017;"";"";"";""
311b888680ba55e10eb75c462d900675d394700b642e9f7d043355c01fc4366c;11/01/2019;"";"";"";""
b2e5cfcd71631ecdf72ad8fd002fc65765a216d204d6b8d512d3ab762af91ca6;19/05/2018;"";"";"";""
197d5a1303b7a8e1f7126f119dc31682d660a991875f073a11d338621158d966;01/11/2017;"";"";"";""
81a98a0e7b12ab81e3e4d65eb0e0dbec83e0a86bac87e3d750c7ebda914c1744;09/02/2019;"";"";"";""
89502dbc4667444c4f53b163899e6f27206b85db9aba343ff9eb4ecd346b923f;29/07/2018;"";"";"";""
b8525b93e08ef837894864af1335c5f0be48b32c41312ad70b172c8d697f5b7c;07/01/2019;"";"";"";""
b3362f0c8bb5e3376e553bd793d7d63a756c15c6d70012b9f75bb8ccfee5d4c2;17/02/2019;"";"";"";""
7ddd6fe6a767eec22b2a26253589d010701065584116b0d5cd4b839ef9459eb0;12/03/2018;"";"";"";""
d5aef5766483e023d81e47100df52f1720352b7df12fb24dfe3e3cebd5ad1f0f;12/01/2018;"";"";"";""
3d0be0931b010db76e273422cba75a161592ea2c4c9528a6d6a444462f3bc26f;20/10/2018;"";"";"";""
994b94b65ee33616c5b20b85680ccf1b84022111fb0a5da0cab9d3959d3a4d61;10/03/2017;"";"";"";""
3552adf5c6060826f0016255a0a4fe807232e9d1f657a130a739f935763787e2;09/06/2018;"";"";"";""
fde3175fa30d0c4d318ecacf9af0e7407f3823137bfff5edcbcb980d75d7269b;25/12/2017;"";"";"";""
b1e816f7acda6ee75f35211f0dd54bc85f6db4f0f67587b1f0641c45e0c35570;05/01/2019;"";"";"";""
13e765e422694d7fad536a7c23abd56c14e2fc1cf58fa30f50a3ad6d1c977bc0;05/07/2017;"";"";"";""
b43d711935e4ad88aff69f6ca59d2b05bd11aca05e1214d76ce6bda0865e43a6;24/08/2017;"";"";"";""
6739e184a1a0596da36fb512d975b489616751ca3d3666bc5c71f94a6ade4362;24/02/2019;"";"";"";""
fafe4157c934df3ade586c82a217529b4bab30eb4dd060d6d78b1b2c6a968616;02/05/2017;"";"";"";""
5672b00ae8fd8284a20ff0813b1570884864c07104cfa06846c28c49fa8c5f4e;23/08/2018;"";"";"";""
facd081f83b7ccc4b20a1a3599134031ace315d85afc5d72afd8d3a6bd794a43;11/05/2018;"";"";"";""
7377d6b5397acb2908350996bf78dff5a271508dea87eba05bfd69c10ac47476;28/07/2017;"";"";"";""
560592bafae0fa2250a9038c0c83c4867b310f01f2bd8be575a3711d68f242bb;11/10/2018;"";"";"";""
71a5e6934161c2d33af098793507590d69f6261aa9e0de012056bd500d39ced8;02/10/2017;"";"";"";""
f140f41bb07080ae41e765abeeb83f7d5245c159ba1bf9794c825575723739ec;25/08/2018;"";"";"";""
8518a956b29a83c2a8130435020f9e56e2b60d3064dd20f99a008951163c6f88;20/02/2017;"";"";"";""
27f0184a360d4464cd5801966260dcb1e09b647843917f4d8f133cba31304a76;18/05/2018;"";"";"";""
aaa61d5c67d476e1bd356b005bf2437e60b597cf53a8ebdcc5b6ee7c803370ef;14/09/2017;"";"";"";""
762ade34ddc5c049dec3b61cc7d0f989e3b9a794cd4e761c6b0f8b64ab0a17cf;04/08/2018;"";"";"";""
883eacebcea9e74ceb9f971d4e1873fc774e3c023ed769b945c80ae7cb67f1c9;29/08/2017;"";"";"";""
9aea888c00c4f7fcd6816861becad89eaf92b9737f01bbc49f457435feb89eeb;10/10/2017;"";"";"";""
e3b0c44298fc1c149afbf4c8996fb92427ae41e4649b934ca495991b7852b855;"";"";"";"";""
36fc65cc118dfb2814335c4ec9b348cd9fd891ec66172d6020cbf7ba1341d232;05/02/2018;"";"";"";""
8cfc176a9f58f8bd96e7102d9de80dfc0d5b4fa8bfabf2a2cc1c57cb479153c1;13/06/2017;"";"";"";""
6e580681e2001d0e90906057e88d3e0970dd0fcca7381d5d95b913ab5af8ab7b;30/11/2017;"";"";"";""
e0a24b5b7fe4af2ee62682f575976914310cc288ee5aaea0a20fe836f6ba2a9a;16/06/2018;"";"";"";""
2ec3fa18137efc122bdaf06250af30bad94a7a55ac315692826bb364b9de04a3;20/02/2018;"";"";"";""
a005c7b53912105d6afbe61a3e0d54c4d3d0b93764ba323b008fd275c4f121c7;27/10/2018;"";"";"";""
016171715e615558a3be2898fcbd0ad97751c2428ba585f16ffe6ebce8153a18;18/01/2017;"";"";"";""
7ee0c1f3f9afebf0abff6c8bc6869cb729429a64783d34701aa07c042998f283;10/12/2018;"";"";"";""
14430232d50bfb0a5ebbe885aafa63a35e5dd1564f3f9bb73534c3ea1eb7b366;28/03/2017;"";"";"";""
e07c8c38c24f08fa93e28761e7e8fbd299c3a2add0638cd9383accd2f0965260;23/06/2017;"";"";"";""
bc98eb2336bb85770f50ed6a7a9cda459cc5206bd6354e787b1a0ceba708de5f;05/08/2018;"";"";"";""
016859797bb6a11052084741b66b97cf2b5045e6d1610b4360797c7b15dd3952;22/11/2017;"";"";"";""
17b7760becad90005fda30a5dd404f1936c61a12d285da9868f11df648b1a28e;19/01/2017;"";"";"";""
41e5f1889b172601a9b51901d451163804f6e5178fe30f514c1250a6c66d03a5;23/06/2018;"";"";"";""
d409c7c1ad89e8d09092b5648a986ea2f8fbc2c72ff104c00771ab855eb57c3c;09/09/2018;"";"";"";""
f51d02d850e1df7d8febff41331653819a089f72b108427a53dfd7057e33b404;13/09/2017;"";"";"";""
96adeb510db7cf1a6e4bcd99228a35689e9e5e04e226117ee2e303991e1763d9;24/06/2018;"";"";"";""
42ed5d5ff21261b32c9e909816b59de89094efac5b24d6be09e288679acb1e5e;25/10/2017;"";"";"";""
37c4ff8c822e4479bbc9cac207fd0ebe2f80108f540c6582387de95829874088;14/11/2017;"";"";"";""
851000876ac6b4b623b9be7fe55fe4ef03fe1e02fc6a630e3b3733e958afde8e;01/03/2017;"";"";"";""
cad59bad2a3d1af8bcd826d9402313fbdf3079b9ac295601f901a7da1ed9deea;20/10/2017;"";"";"";""
0bfa075279f6ed08efbb399bad0aa9529a986f9cfab2a492b1db444d2657e7c9;01/12/2017;"";"";"";""
1796721bc83ae350826492dd11509c3a03fb76b512c47e78bcbdc79fb6e0d4b5;06/01/2018;"";"";"";""
83bf12c1f0b47905aa99c727366d2de6ced62b6ead7dd43e8a48cccdcb5db869;19/02/2018;"";"";"";""
6e56aaf4c47f2abe0efa9b467370566cefef3def54784017bbab9981b46ec142;26/02/2018;"";"";"";""
040e115b552b98afc0ab8c66a9977706381c1db4dbe05b5a1b735a470a993d74;21/06/2017;"";"";"";""
e934e055259191e6974b5574403c25d0fed72a7346133435a96e1aa512a71e49;18/11/2018;"";"";"";""
a99e777125750bc6333d72e907e3bbfc7bed60141fd55159d95baa9fb9976a6a;28/05/2018;"";"";"";""
628e7c98ce7e1c3291d3d103e6cbff9d9463275fe2f988f5bf35b388cf9d6be6;08/03/2017;"";"";"";""
16138482171f66079c8b548cc5b4777ca18cadd29ca9459dbe25f0250b2d4d70;17/11/2017;"";"";"";""
080533efc041044c7b92ce841b4072ea7e904beacf9508ccf1c230eb369793b6;07/12/2017;"";"";"";""
03dcb47354a12fd6cb22381bb63c7aa642ec8790c918fc4f82e9ea5c2ce539c5;31/12/2018;"";"";"";""
b7547a929e68ccd61b5cd0cec731954a8a2e29e2dba64ce544e59ce5cc27e291;19/02/2017;"";"";"";""
19650da03dd0ab25228cc7f41378dad56baf06169ef8dac5201dc722c43bdb39;09/12/2018;"";"";"";""
09faf806c8a001c8a030bbba4f13cdbb18b651ddfdafcf34d8e05e39e14f3cc2;16/03/2019;"";"";"";""
012b5ff1180572484884fa8fabe2b8f50c185ff9eaa27105e80228a3bf3a5c39;06/10/2018;"";"";"";""
fa5f74e5858408b01007f4c81a923a5e7c7c4b6b2927bcb540bc919d6a76bd40;16/06/2017;"";"";"";""
c3ba7dc4a386430a2cc333ce9ddbd80f7b58463ffe5243dc3c24e9d584054c8c;21/07/2017;"";"";"";""
ac53de8df6fd4b16307ddacc35b8f90f553e3161c188c0e401bd8b075403ba1f;15/12/2017;"";"";"";""
105551b07990ddef0136701e8f02b3a79da3ff0b31f585834c593229da89bec9;30/04/2018;"";"";"";""
b4189cb7b7950b0c0c7e96589542c7c372fb15fdcc971e6d3b3b1f82b5b563ca;26/11/2018;"";"";"";""
f64474b3fcd51cd9b528204c7c7b3ced8058fe6bd65b23bb095264ccaa4142a2;02/03/2017;"";"";"";""
96b7ecf4c021e91210ce82573db17ea95557fa46a145c83c73d2e3988f94255d;24/07/2017;"";"";"";""
1e6a90a2b4a2c7c7913f6eaaed2340c08d4c136aa46bea4cbcbbe521c2355613;30/01/2018;"";"";"";""
a35408fb19fb00c00e3bef8d23e5c7ae640c86c42d27cdb821a38507b48221e2;07/02/2017;"";"";"";""
46384bb7b4653957128f1bfdf619bdbc743503b1cbe118b1f126f8b7cf574ff9;04/04/2017;"";"";"";""
05eb080d065e8cd9412f968233870e7e771426a3019f91b592f700fe465f786e;29/03/2017;"";"";"";""
e119d133648aa2c92c14c66fc3f429a6231f4de00efd373355ca6ef62641f1a2;20/04/2018;"";"";"";""
7e5e716e293b810e89c522ab89e0c0310281b6fbd1a64a7862b979b6a0154f9f;15/04/2018;"";"";"";""
5aa1989287830b2c695bf2be7ef3191a55b10b964bb69ee61ffac7f93cf8a94f;08/09/2018;"";"";"";""
937c5574db75d9fc439cac05a7909a03c08e3e4dadb7a52ee50235cce91c810d;17/09/2018;"";"";"";""
272829ae924782d146bda4dd8dfe20f038474605aa7fd10a84ad0a03acec59bf;06/08/2018;"";"";"";""
3dc0f6b714f03df8041e7569598d75566154c23feef1d5df6fcba8d5a52236aa;25/03/2018;"";"";"";""
64085fe79484963802e8e7ec2460fc0296d56247774e5b31ca17b6ae1879a75e;02/06/2018;"";"";"";""
63867b3f6501bf72c4f38ac1449410f68f3e73b1d3fa4ec491da1f07d27540d5;27/07/2017;"";"";"";""
8c76d1989b9f7c4eee008cf79f418ee7c9d5f4cf4669da1677a6f5e7e0b26624;19/08/2018;"";"";"";""
86953427c5d9f9862b00485ed961838d28103b49332823ad308ab5dbcaba794d;15/09/2017;"";"";"";""
da83dbcbfad484e730fb0539971889aa47ccc66d5a9138a463f6499fd531c9dc;20/12/2017;"";"";"";""
d0929e4bdb33d54a69120b946271c4d239a0a53d0db3cc22b05b5d41c83a1ba8;01/06/2018;"";"";"";""
c57a8acc4d9cffeeecaf756a62ef4fe8b6d5b14e80ab73d419bf9a69ab141fa7;18/05/2017;"";"";"";""
55cd710bb814db6bc1ae907da0b5f92ba35c38caa676d588b713c43812482334;14/12/2017;"";"";"";""
89239528ca28df8b8ecdfee5f395c59f506e2378486de58955589af25b952a02;20/04/2017;"";"";"";""
aa523680095a6b840cc1c0af7e3990444d48703d5a2d8462b4e01c3dbf25930c;20/06/2017;"";"";"";""
89ac71ac44dfe0176abea46e02dd58a092d45c47067664d82677b5848bcabce3;26/06/2018;"";"";"";""
3d85bba4094c7204409c3fe0331fd01b31e1e13cef403b4f91a0987d6bc23031;03/10/2017;"";"";"";""
28d4645054c706a93c87ac9f761324a427516f602546459f8586bd86807912e1;22/12/2018;"";"";"";""
9a8936b77df45fb9f54b35973879abf40b8a022cd63ad7be87896d532410c719;23/01/2018;"";"";"";""
41505fa24b51c834c9cffebd4bfb410fb5afcd21ab4bb0e9c330dfddb510d98d;08/03/2019;"";"";"";""
0d15f04efe1150f5b62607fd0e4912d23c8eb4a111a3193784333b435bc679de;10/03/2018;"";"";"";""
fd854154b05a536e770fc0c9dda68d29becf34e62f0aade3add0738fca178c8b;14/07/2018;"";"";"";""
1884c1da85f8bb96d034f3cb39f0b3cbba495eec1e70bfe298a3cb31c39068a6;21/08/2017;"";"";"";""
3c068e24cf8f388b5d2d54060302c08c68e6f0fecfb1eddf1165e016c1183454;31/05/2018;"";"";"";""
d3fa7e9fb46f91e3850060dd5dc68fbb97de420523300e5307d089749e6dcad4;05/04/2017;"";"";"";""
e820c35bb8f1108511990100c845dcf042f9c3214c30d0355cfda75246f59ddd;26/07/2018;"";"";"";""
655cf311d57a8aaa1d55dbeb3ebb1e13709fa50d956b3dfb425c253e09a48216;10/02/2019;"";"";"";""
6de918da4b44a7b50f61a301d301fe94201120abc002d4d19370d0133f33761a;11/08/2018;"";"";"";""
6f0d22f4acb5595031fa164e84be75bf7ef92ffa9c75ed767f3bfed123ae427a;13/05/2018;"";"";"";""
58a57cea3acb5deef49a4c81461301951abcd7e2a21f66e95521338b50d29fed;03/08/2018;"";"";"";""
1ea11c2419e7c44776e98fe76ea876393f65e3dbb27eef9f55f0aab4967b8dc9;28/04/2018;"";"";"";""
10cf5c0b90a42f9a14993cb9e2c8789215c11f7fb15a73f1df3f1fe63762ab2d;30/01/2017;"";"";"";""
6c7255996c7f97341e4d61653d9346fb09295f10ce9f28e31ff093b714542215;20/05/2018;"";"";"";""
482561a189cc96a89908e67db0633a89634756d75cb0c6a19fa0d07e8268fa11;24/11/2018;"";"";"";""
1f603cc89f9f3df17483063624ad46462c070b48f8d85e9e742fd338b57d1803;28/11/2017;"";"";"";""
c7afe7740586c9251d07ad01670cf849447113835d88159268da51953d322032;03/05/2017;"";"";"";""
b06467e239c4b10fdf90ac00d4f3ac870988c39ad0a64d42dbe7b4e381e01668;08/05/2017;"";"";"";""
df4f30d549abd4c98aa0f48a82db839fd0fa4a58f2d39e6859f9bfabe0640691;17/12/2018;"";"";"";""
f0ac30b25f8017aaef65767cc270af736dc4996eff3b41b469870ee4e7960e80;30/03/2017;"";"";"";""
44200716ca0f3a3050edeb5f5745bd8a7e6349c0e69b4d6c3693fec91dfbe9d1;17/04/2017;"";"";"";""
f6630ef0e1ba2d86664c407b64d935dab30430403ba3a03aeaa71e351625dee1;01/07/2017;"";"";"";""
7e2a9f91ad607c12adc31b961c0cfa9332ba0d3ad8ee3a5a3edfaf52768f5df7;16/07/2018;"";"";"";""
df45dbd315c0a7db01b564ee107f05eb6b80b62b98c21c054e42a01245f2ecd5;05/12/2017;"";"";"";""
3f8231a179ea84d7f86b94b6fcbf4476bdfcdaf72a0f6c7dc12a267dc08bf933;08/10/2018;"";"";"";""
95d464e9882f34a6a79ee14b707879fe000a68c8393b17cc3405a9a5ee0f5d6c;07/07/2018;"";"";"";""
10b5e496338df7c07e6db2583433f86d54e605a0d2894c630fb8960e66c8a7c0;08/12/2017;"";"";"";""
24f0aa52fe17b4b33a5d13ee29f26f5ee87853278b93ae0a5f5b0360c96f6ca7;06/02/2018;"";"";"";""
d27cc0cbb9a34a4f7c5517fcff19d59655946978ee277e37f7d31365271bb8c6;25/02/2018;"";"";"";""
e7076e9f596a162cef7e6fef269013db66c984fc39f51ff4fe770dc7d1dd7941;12/04/2017;"";"";"";""
3b3790cba845d7d577f986a532d3676271f2d9798ce2bcfa3a175966358c1951;22/04/2018;"";"";"";""
f478bc3a1f00683516dccdc8d89a14eefa40f9da9fbeb5c2536e13c7d21374aa;10/11/2018;"";"";"";""
337667809179a920f3767b8235f26bbae38f633874bff16511e7647de47709e3;01/05/2017;"";"";"";""
16529a14cff7b4a4a4c06a868a9171052d11ade258b694a61b2cd53f514bc93a;22/06/2017;"";"";"";""
837d61eec6032c68a91b77f0496731e2b63b61e550b5688790a3725c5f71d28f;20/11/2017;"";"";"";""
a9443c22cc436ff4f0b2dd6ffdf5935909c7f13677cb7e8e3fd1361fa666d4ae;06/07/2018;"";"";"";""
59e0c42098611da53ad189240decab17714acb010eca181f523faf8bcc8e519c;07/06/2017;"";"";"";""
7ae0cb88044ad11d104952b697b9a23af8347994d040c6efa9e11cb2c4ad54a9;15/12/2018;"";"";"";""
498bab03cb25cb2c8686754b53ba1afd902c3cb48990afee3747cf6211f03cb7;08/01/2018;"";"";"";""
2647aa9c0aa1484dd545860de23d46284838387622c8cb51ba97242552111e4c;28/07/2018;"";"";"";""
fb787a9879424ffffd4fa79111c845c8c3a70565800d685b36fa1fd4d911f981;08/12/2018;"";"";"";""
9fbde6734e5e22f255460d8e846f208e1ff5084314ed071df4ce79d0f5009343;09/07/2018;"";"";"";""
1c74eef40f21abc2b64d6103ba6689ccc659c56510f68d2e8da9c42136ca21f7;21/04/2017;"";"";"";""
e984af60b9f7eb1e1538143621d8b53076cf4209976adfa48f475427d0ac14c0;10/07/2017;"";"";"";""
ad9cac55265ce46d272a9bd835cc40c1acfce815cba8eb0ad980cc19370288ac;15/09/2018;"";"";"";""
e35d3770bc0a6cd1fadcd5156538213bd15c323a3e824e2a7c344d03ce3424a7;17/10/2017;"";"";"";""
8580f1f6a5e85960d8de09630a9423c2007bdca3f3eb7de2dd464e2753dc30aa;16/11/2018;"";"";"";""
0c66bae59d5a4b07269a26ebda17792cadf242fe45871c88b60886490b69bf80;20/01/2018;"";"";"";""
a597437b7e832d79af48fe5ec1ea71854fc9de38d6f734795fe4b82ddee27a06;09/08/2018;"";"";"";""
f4d38e8284b2be763a73a0ea961c98e2dd949dcf87a48300f0784ee5299808b4;04/02/2019;"";"";"";""
492ef81fb2bb82f52ea3b75e1db5550cebd6423c97a2dec5a977f50b454c1920;18/08/2018;"";"";"";""
704bb01dfbbabfb78d7a3d38c4bedf11bd3acf3db2238a12d4233e3a2973da57;04/01/2018;"";"";"";""
625d7b1b5a0f28c174a8b19e27bea10b5717ab3937d0e8bdd81c5c8a67a2fac1;23/11/2017;"";"";"";""
208269821e16d27108befa06f0160e9072e1a25e09b568003abd9606fbe70aaa;26/04/2017;"";"";"";""
13dbb9a52c41906c864fa8dbfb5152fb5bab70d006d8935763befb25454d0dfe;13/11/2017;"";"";"";""
a773e87e475b1f2152e18865bc6351ac1dd2ec6e980d386529bcc060e7124e0e;13/12/2018;"";"";"";""
944611463e372252df6254fd9543b7522ed298e6d50e3b9f751214f41b11e698;11/02/2019;"";"";"";""
2bb75f6d3548206606ebbfca2377ee52fc709a6d035732901c63ac17f2978e5b;14/04/2018;"";"";"";""
b1d13812775e3d1428c321789858ba02937b4a8fb0f485ddc01fddcb71eaf4ab;16/12/2018;"";"";"";""
44ec20fd538b4e127ab2d69d6286bce1df64ba5734f865476d9470679dacde43;28/02/2017;"";"";"";""
76a3fb34ae8f44f8cb51b5f5e9232f91b4660edffd3f2f5b70cb6d33ce46bf0a;03/04/2017;"";"";"";""
215dbcf0bc4de155d0db141ee8e75178e5693f68d913afc922faf3775830035f;07/09/2018;"";"";"";""
98467c6e6f091703040316f4fabfed0b92b070168c7b01c13cb5071364b83750;09/02/2018;"";"";"";""
52252ad97c77efb2c7e7095327740bdf9a9d4fe33dafae8fad7f91afb9f9f5f2;22/05/2017;"";"";"";""
2d2f7b8873a30d247df3ca507ab43e2f9d4f896505da3b5144a6670e0d696036;09/08/2017;"";"";"";""
047fbabd2af5b967c037269aff3a8d8e2164155bc2690243beda45056bc26526;03/12/2018;"";"";"";""
dedd2a7af6fb922e3a636cd3835db6388c1a337ac80e46b0d65f24a9ff3c1949;04/11/2018;"";"";"";""
9be7d747204471dd7577346bf7583f9fde08200a69a656dab1714835fd4cccb1;27/05/2018;"";"";"";""
70a3942c95060a8c6065ab9496e0e7f5234a36247db8936f9d8f49d8bde6c596;07/06/2018;"";"";"";""
e5b1fc5a9d69532f0d582e20bdadf6dc5af2ca604098a32e493c1fd2263d8189;01/11/2018;"";"";"";""
6be192252b3740ecded24294071450fd783485f97e51d3f74506ee5f3c864260;27/11/2017;"";"";"";""
e54c15f4ed14298c2a8bef1287ee2223d56ef316b367d30a48e178be40cccb99;02/06/2017;"";"";"";""
61c98512e5d43049d95e8216e5ceeab62cb3380ebad8b30e43f02a4fc088b4c1;26/10/2018;"";"";"";""
19ca3c14fd89d9bb6e436948ada000aa3826ac715922c8683dd5f8bcef6dcf49;17/11/2018;"";"";"";""
63a2d45fbf366efeb8ecf696586fc4d409e1d18fabbb70c4ce6f2ccf9f5734ea;22/01/2019;"";"";"";""
0e0123e816d8572f6bdaddb8bba4e7645d595ae3d2aef35614afedb8d00be7a8;13/07/2018;"";"";"";""
356895ea282d653ad89c1dc54f44fc7caf853ee0dbc2c219f929177241cb282b;26/02/2019;"";"";"";""
7ec1d1e66cd743fbda7926f6c7c5d0686c5ede743ef43a1b67a25f95c9590ae6;26/04/2018;"";"";"";""
a3fae53f7d3431bb620582dc35cf003e127aa686775362778a559d86ddf7ccdd;28/01/2019;"";"";"";""
5c2270c7bf5f85e30eb1b4c60db9ce403c61164b8bf377d086f0b8fef97cf149;29/01/2017;"";"";"";""
b462469d9c2be5009447e3ba1bfa29869d024fb89dde67a1fe50be2a1ec059d1;23/03/2018;"";"";"";""
724fc32756e4f3909b9cad58da445fc89eaede501f8c337207179fee5c1286af;12/05/2017;"";"";"";""
66c5d762a5f8ef82b08aee08744e0341cf8c5a12d561758c700cc0245261587d;29/01/2019;"";"";"";""
fd13ccd2e956a3b503a939d8113ae2e7a0faf454eb8121f12ed5724aed8ace2b;18/03/2018;"";"";"";""
7c38497d7ccc0c1c89f41f5887f3886038f68d547cf03389c353f79691ea17bb;05/10/2018;"";"";"";""
1e5ddc4bc261dfb44443afc436f2f4537f3a81e2fc8efe209a8b32ce43ab0757;19/01/2019;"";"";"";""
868f1a3e51ec347205dc0e1db158a318abcfd07d327c099b8a5cf1f63f6e3c39;21/01/2019;"";"";"";""
1e133d8026c8f593d6a556e5e45677d01d84eefb46293257faa91222bc4f3545;19/10/2018;"";"";"";""
98abe967ed1a190a26b79480cfa21b763a11a31d8b107852f9429dd3a896f9f2;25/06/2018;"";"";"";""
ce664999b16c265fa17aa62e33d07dcc86bcb211b73807040f9860efb63d669f;23/08/2017;"";"";"";""
bc6f13c3b26e3cbb379227e7e1dcd7f86740dd55d4c951a8ba8de2baeb5f5b06;10/09/2018;"";"";"";""
fc287965c77f8fd686d3dc025865dd2ec638bcdfbf39b7b1a8ff59ac9b26e1f0;12/06/2017;"";"";"";""
55da6ea615fd35f5581886379247180e8a3d7e0d1ab3398e1b2e266019aa63b4;20/01/2019;"";"";"";""
c8641c8fbc8fac454cf0960ce82380119d07f2e832de76e4ed57e73c8a603de0;04/08/2017;"";"";"";""
c04cb72c2b708471e907173ff18b282a24d72772a7a78045eb0b6fc8dc7869a0;03/11/2018;"";"";"";""
7489c3a5e515df9420dcb37ddaa54f9a5885996596f23a65ae6bed52a6e4685f;06/03/2017;"";"";"";""
2d3706753cdb77e1e3336d715db70c9624f151eb6ae1b94b584ebe2617118150;03/02/2019;"";"";"";""
203c0d96398a553bab49d108dc1eccdf740eaf4dabb7213c9b1e4f87f7cf78f8;25/08/2017;"";"";"";""
e7ced6961936dd3d14a9f8e32186a8496ad96312b70227f5641b1952d80d7d8c;30/05/2017;"";"";"";""
6c27a5eea50bd5f0a986a4320b053d28edee97571a64c912a1c5610a26bc0015;19/06/2018;"";"";"";""
786c59cbf5fdff68b2357ee48c67365f0d691db7420a323c69ac4c612da4c355;05/07/2018;"";"";"";""
65a70e31a0a78e250ad5e5dfee08ee091bf50de7ecb0a9253f114ed8425f2a85;09/01/2017;"";"";"";""
ea222f9c4a3d40f31d9f1ca0f418f56043ea7ada7329b2c787ca740b2aee278d;11/03/2018;"";"";"";""
1bf8f88ea8eaa5f8e6a0036a3d4029e356fb4ec21f92c0809961395299d327f9;27/02/2017;"";"";"";""
5500e2efbc822c5ba2333e224f39c6ae4026bdc482108248f540878ee21de4ab;08/08/2017;"";"";"";""
b5b586c33c4043a56aff722aed2122f150a56f448ad1cb3674e27fbcfd5c6641;23/02/2019;"";"";"";""
db68b122d7cb1a54b843f1e9533a1ad620acd7c1cb98e6b70d939d7961ee1358;01/01/2018;"";"";"";""
4650e255a4a4ec2c24d7ce3fb0490c51fa3ed6047c1d4c56bf5978ec5447f04d;13/04/2018;"";"";"";""
57923e5db07b11a83986154e991b70b5472f3c9590c336157d796ad1b5ac6fad;28/08/2017;"";"";"";""
7f71bcb2e886ec9e018f2ef0ff896302438ec41edb23c6442613002ddbbf2677;18/04/2017;"";"";"";""
fa211c91cce0eb31caa292f1e6d277a91f6e62ef59ea93e02558f11129cecfb1;21/01/2018;"";"";"";""
4a3933e506f2f5b8c8fb2fb409e2b271fd35ba8f788c2145f3c0654fc37d7f51;08/04/2018;"";"";"";""
b5832c26ff220f188a9b6b13e5fbf8afc02aba5cf7c49b5987fa65d41ad6f4ea;06/11/2017;"";"";"";""
f50ce2a684732497c5614a433394acd1520f80407840df3496484dbc8c4b79e4;18/10/2018;"";"";"";""
53ac7df9746af7fb974a950d45dcbfcad247baea575904305c55582428fb5243;10/05/2017;"";"";"";""
3b3b74d089892274f8c6653fff88236f8442aa3fecc5f587dea4bf74f79b3a65;22/08/2017;"";"";"";""
f6d5039c765286aa7a18a1c2b8fe6c2a233f7975dd96a2653a7c0b5aa660f90f;21/12/2018;"";"";"";""
839afee1a767578946a916a7ee45cd4c7db371b9bc364bca238550dee35e9e16;20/07/2018;"";"";"";""
3a92a8d35507df3c1329a166bba32d57ff40b212dda18f33efd4bc57b4fa10d4;21/07/2018;"";"";"";""
9e108098ada896dee857e108b06da2946fa70fbf5f1d27ddd2eaa7b89a7b34c7;12/08/2018;"";"";"";""
ba9850fb9676dd4bc08522a58f6bcc18d4de7ea6122a04cdb9015b4d01b3af3d;23/09/2018;"";"";"";""
ff28ffcb8ea1c928cb9d1c39ed0d6117919f93e75e736bbfc11df0c7f02647d7;31/07/2017;"";"";"";""
454aa5463a6f7f8db321ea21a61ade08cce4714c55510f53e8687438cd1cc330;03/01/2018;"";"";"";""
364d82cef68c55b1991688923b468457e4ccbc380a5c77381f5a56a4c02f0cbb;17/07/2017;"";"";"";""
b0bf1b10a8c019fc53ffa8ae85005db6cf42e65491d66c06ac6bc13f5e14278c;16/09/2018;"";"";"";""
255f962f92911cbb65af1f92bb5672fb8a7b7c2b80e00fdf05b861e54dd7baa7;14/09/2018;"";"";"";""
c187fc1cabb6f89b02a13953043e000ed8cc11f3484f0001b8ebf24af35e9106;14/02/2017;"";"";"";""
a340050f056f0000e7e096da067a353b666a6ddc4600c0fe767a143ad9f1f9ff;27/06/2017;"";"";"";""
cf703f6e180bfa5d7e60d9adfb4eeb0f9ac050a3a3c6bdc0018f89223fb3e68e;29/06/2018;"";"";"";""
2fa1532812481a18293a6dff46a0196d76d105338aecb0fbdf8e63cb8f843923;16/10/2017;"";"";"";""
13f7c7a7634950576bb76095b6d085d4f25a875cba84242457418d245a00dfb7;11/06/2018;"";"";"";""
1a8da57aec9486771118b36e11443c7b0d5beb47dfd2c91bf1da32547f178f6e;16/02/2018;"";"";"";""
694a441f979bbacb5a18d4d19a0dbdfda0721d7db399bfe85e8e4af154f45e8b;05/06/2018;"";"";"";""
69d332691e1696723fffe32e0374dcb5928d69d4552fc6cda3f6802e6df781f5;20/07/2017;"";"";"";""
51235e3156953a7b1cfa839fe7d1029ab2fe80dd8158391a7ae2c5d4f9398085;18/02/2019;"";"";"";""
53596ea9a6c431036c9252eb4415ef9e50e3af99339cfbe0313abd897d78b63a;12/11/2018;"";"";"";""
1c7051b83da2a14eaf0d710c1e6e77a8ef57a598fd897ba2ce6d682ca015f27e;17/06/2017;"";"";"";""
86fdf1a76d9c6ae3af78e15f4eeccd275be25c547a7690961f9c84c6d07cb78d;22/01/2017;"";"";"";""
5d1ea14affd734cc0d41745ddbfde240935dddc72e513dffe5f75af04be6201b;26/03/2018;"";"";"";""
d65c1f04d9cca7e8da8d6ff36db8b2e0f0e5f81f7b5fb608839ed64241788b87;23/07/2018;"";"";"";""
07de09b27d7f7123bcd51655ee4676d56c6a17c18793e82d7762bc693478121f;02/08/2017;"";"";"";""
a160347ce93e2fcf7f5805ddf050f199e0592eb0de691122f9f5d50f9e8c9e30;06/09/2018;"";"";"";""
90419b5de86149570cea690b63614fa52489f79e5c87e7e78f6184f4eca30586;26/01/2019;"";"";"";""
30d18ac545bfdd95f4102de1a74ef200553bf0275088561d620136a9abff4e1a;09/01/2018;"";"";"";""
2b4469a8297487fadf6ade751cf837e0ec6fedd4bc097e56de6bd382423f32ab;01/02/2017;"";"";"";""
e68f32deb0590059118c7ca793f7976ab55f08be732f414dfe1a7c0abbb0970e;07/09/2017;"";"";"";""
14a112182b755b1a564a53662d7b2a2183d5e028748425b8fdd9eaf579485f5c;08/06/2018;"";"";"";""
dafab881d916f3ded10a68e2492185feee751045be7f803dd3ac5dd4950f412e;26/06/2017;"";"";"";""
4b98469867a8b871e1f2b996fc10b15ecf1ee2a8c66916f581e3ac49ec393400;10/06/2018;"";"";"";""
5d4fc7cc39a47419878c762bb5d1eeffc8ae67bdb53e57372af43f2531dee72b;22/09/2017;"";"";"";""
46ac7d07e980aa9adaa10ac8ab781cabd7173fc7d7f8d5053b882bac678bdc04;21/03/2017;"";"";"";""
94d4fc4e613ec943528d8b7c2d2e3a9ba5b338bec6a2f1c7708976088e3ad670;06/12/2017;"";"";"";""
11cf4552f8f27522e29acd5daec80590de78b438fc55ae040d397ae67d3dc0eb;04/03/2019;"";"";"";""
1b2d853e5ab08299d2a40a75c931b6b62585d6c52676181ed5325556672bb46c;25/05/2018;"";"";"";""
f7d5a458e3e6f21370a657a54d131c9f3ade02e6a884bc379207bb1f95257e17;12/02/2018;"";"";"";""
02f82ba157ad64a46c6504844763f9b87737bec88ec244f51e67bb3ff8c47a19;17/03/2017;"";"";"";""
beb3e1feaf03c0c3472d27641a321a402d88640baab22a289eb195c05f726b17;17/05/2017;"";"";"";""
06609def66d1ad0dae1fb4aba510f69ab883507de226f67bb44b4873cab4049b;28/09/2018;"";"";"";""
59615e8f4fe163c87f17746e247a7d4fb2562f4e703a7a8caa747bcb0ba83582;18/03/2019;"";"";"";""
95eb53d257c8220ad4edc108fc3168da53e3363496bddc6c958c6bcf130a85ec;30/12/2017;"";"";"";""
4dee19c134f99f6442b6d69669eafcf795a89f395f47dcc3fe0abb373adc8c7a;21/06/2018;"";"";"";""
d8bf9fb894892a8d4d6259294d08df59f6e268da9e50ad7a38c5f28b88f65926;15/03/2017;"";"";"";""
00dd734339033367ece760cf8f8e3a1849bad5ecabe89679c94ea022ec0c4ab0;31/10/2017;"";"";"";""
30f9d552fc0edbe6f6a3e7d82e704093fecf39a5b7f0548857375d5cb0c85d2b;10/11/2017;"";"";"";""
b43099bec293f3fe8840f0a8bdff4bf7ba2cf1b16f4a30d537af07600f73a6d0;23/01/2017;"";"";"";""
ba4fb41da14c6b91e45cdb61e8c7018f606bfde35131122d768bbda09ad52281;30/06/2018;"";"";"";""
6e62a1ba8009c4992d2f57d3adf705865db7c9f48e3e2819ec06d88bce89f43e;17/06/2018;"";"";"";""
1c8b1935ca797fc884681eec60f6b46dc9f8e7462f65e634e6298030b367da52;05/03/2018;"";"";"";""
433d63bdbf83dbfc5055be56ebb1d9c8d7233d23b53b41b787d26034929d31d2;25/01/2019;"";"";"";""
ca3b9f9a2d393c9e505f20f9da35da22faed98454026a02d092c8104481746d7;12/04/2018;"";"";"";""
cf5cbcef98a44ca6557d909da75063c5d81e115a6bae80cadc4d1c9f20d472e0;18/01/2019;"";"";"";""
b857cec06e30daa54629556e72fbad8c1eda3e6535b7b0e51ad620c705dc000f;12/05/2018;"";"";"";""
a40690299aa77c71c101abb62bd4012657ffff7562d4359ce599d66c8001c0f4;26/10/2017;"";"";"";""
19ec39da4c0fcfc41fda09268b79dd879961e7b2d82926a5518160f9f2bcd646;06/05/2018;"";"";"";""
b7069d5aa211230819a3a6b6f51f22491a37c87ac57f3bc15ea4d4ffe6df2c7d;18/09/2017;"";"";"";""
54e4deeb99e22175975c6462cc349e045acd3f39a0471553c2dc7d4df51e0e3c;19/09/2017;"";"";"";""
bbf2145aceeefc5babb2baa969c9c2cf4c61a625d92317d04a34cb3da5aa9f11;23/10/2017;"";"";"";""
d39da328c630ccb49ed97faed1ed8d06f9d9e0aa41e375f470b0b478d58f8185;26/01/2018;"";"";"";""
73dd5be6a40765d4383e9dc15b3d2805f1b5aec82db4aef8123eb8590333e467;26/09/2017;"";"";"";""
716acde891c207b723c47662e89a9534008fd2aaa1cc9eb23298edf05b8e75c1;20/12/2018;"";"";"";""
34dd2576e25578fae619132d7843fab97ac52b572e5ef48ed471f9d71ae6564d;09/03/2019;"";"";"";""
3b0ac32034d789210a5b1b945ad14c23ebdf1b91a70a5a8e42d9470f800bbb80;27/03/2017;"";"";"";""
f3b0b20830435aef5232ba553362d9e9c9914dc334cdf50576fde97265ac2c14;06/04/2018;"";"";"";""
3d85164869189f46965656e811b6468805356efbdf188444af796950910431f2;30/08/2017;"";"";"";""
6e0fc5444df236b35e0ffdb6ed0c2f38c1c3260026ceda6828399f3773947a55;09/02/2017;"";"";"";""
a09d87deeefa7ee002e8ceaa230684279bbb8913368775786b2fbbe01c780c51;20/09/2017;"";"";"";""
04c0f30fcfed8191213d27e983c8263fe58bd69be76bd0ad9af2f578d4949a2c;06/12/2018;"";"";"";""
6d8ea90300528542406fa171f99453205c3c1bb734170ea9a8f015821d013c28;28/09/2017;"";"";"";""
6124ecefb8d3f7cad55553eba18e83fd5cd1b52cef455927026deb54189cf67c;17/03/2019;"";"";"";""
ca19e1ac6b34ca7e6c1fa53963911a581c4956f6d3846f0cb22208cc0d273ba1;07/04/2017;"";"";"";""
fb02c165db5ff8815efeb65aa17f105d08be60174858f1e8d3d33e7b0b83c25e;04/05/2018;"";"";"";""
3c00e4d287827acdbe5b19b10aff9339f7a804e57fdcba824b1d18acf736d097;30/07/2018;"";"";"";""
48adeabb773284306ff9591cdb0f65aaa8c6cf69c8de1ffbe0af1987746a5f2b;14/08/2017;"";"";"";""
414515c57a76bc54807942386434728da0cc7768addd1e0b5dda78d822060b93;27/01/2018;"";"";"";""
eeb5a00b27c402988d4cc7a197a9f58fdfaaae5891936e2c1323a22fab1d65bb;31/03/2017;"";"";"";""
0c2dc648c3f795fe39d4c79a8457e79f8a554e6c9281f2ba5bafe6474b7cb87d;15/06/2018;"";"";"";""
4666097fec5b44daa37b707fd673dc9929f92923faa9c9c31f3be9d4520c88fe;28/10/2018;"";"";"";""
6b8a45d3e1076349f753d22dea1df994820b3a00e2f86ae3945b2f6084b55423;05/10/2017;"";"";"";""
42c53a63f03e60ba66a84bde9fd81bcb46cd0b43cc7cf10629ec99738a915a3e;30/11/2018;"";"";"";""
2159c3ef7bb8fe4b02a83943d89fe169d01a04d40413835a78cc3e2efa0ebacc;09/10/2017;"";"";"";""
c31fd42c311ec6251e6a02c4ad9bef44290808f8c42800cf3ce47f1190a19380;16/08/2018;"";"";"";""
6e38cf8c9fed397dca44c1f406759b5c9eef3670908a70b13bb3fbf15473be24;15/11/2018;"";"";"";""
836d28a34291b1acf31d5219b0a2c02da0f9a05f308a003ac34d0ef02bbd8b3d;10/01/2017;"";"";"";""
6f3ae9ab7f99969916678034fce7fff0622c538c76333997f4896df49e72f156;24/02/2018;"";"";"";""
8d8db3e17986050945f74b0acf3ba6e741330478803b786f14b0c07c0ca0b8f2;07/03/2017;"";"";"";""
2d9ed3ddbafade04f654878397d641069429af2b3158ffd1dc8efb14203d6bc1;25/07/2017;"";"";"";""
34653953fb3af99047f217812aec39923dddd4065f9fed34631259cdb6dc80a1;12/10/2018;"";"";"";""
714115c1e68e146781c1134233190d382d5cfcef637a325e3876a2b6008d0e32;01/12/2018;"";"";"";""
4942f7e7a43cde11a44ee7ea252e553bd779fcb4c718977c5fff54bc51a182b8;11/04/2017;"";"";"";""
e7efb624c12d61f375d2564c68412206cc9515f1a5ceb4c794313c2c5b373235;06/07/2017;"";"";"";""
9db0fbaaed6a9acab4e669a0b1abc7903bbe3be2d6edb5bafe13fc2db9fb1b46;14/01/2019;"";"";"";""
3b7a1695583825327dd39e681aa5eae4fb36e87a1dd4d1a93c1eae1087dcb076;10/02/2018;"";"";"";""
10cac93e3100360b9b9c21ad0d4dd7b9ca95d836997bd973c26e80b1033b7776;29/01/2018;"";"";"";""
69d81914b6f06e268852a5a568e17b8bc40f0a083814739534b4d2d8641128bf;09/06/2017;"";"";"";""
d455c4d722572f3d989e41722c3d23d75da255f2d64435b4c924b324e5dd49cf;03/07/2017;"";"";"";""
6a78e8b8b42b9e5644e620a9e7eac9c6664ca605ff6a202b660811ce4c5d89bd;07/08/2017;"";"";"";""
8e35d9c0e51397794c80eccdc82259d5d89a72e15619daa892885015d666eace;16/08/2017;"";"";"";""
ca1035bc7e529b0ef51777a308c81b871d08aeb746c38fb6d03d7c6dc9748353;04/09/2017;"";"";"";""
0ad285d5525a99fa55665e8f0c72893dffc7920538cd6d4893f61301df2824d2;13/09/2018;"";"";"";""
cce98078f85a302c22de98208bd548b8566f822f8beb557ad4d34d927c6cdad9;08/02/2019;"";"";"";""
7049178ad3f67e6ff66ea7da0b12afac9a37fd89a915bfce21960fb7d84f88b6;24/05/2017;"";"";"";""
ea7f96a9f023e7e2e8f76863b63898286c2c9dfea1e2b1125000578c1dbc39b8;02/09/2018;"";"";"";""
bf6fb115e605ed8db3b9c881f1ef8eb4e99afaec54aa72a913690cedacb3f9d6;23/11/2018;"";"";"";""
77e0a35883a2b14f9a268ec9a2348e41ba57753aa7658dba4353611bb5d1703a;22/12/2017;"";"";"";""
2364cce16d4e2ba153c8aaa279eb177644a3163699950702950d2909dc3d7b63;27/01/2019;"";"";"";""
760256081eb58577168074f6e6ca9740c9d08944bda72f7eb07d99adf1f4f661;03/03/2019;"";"";"";""
8c5f59ccd450d4c577c525495c470d5d327446468c0acb4bf571af423b632c9e;07/04/2018;"";"";"";""
67d9b588f484273ecc51f2a614121401c0a36c38b254b82d01a474f4ae578407;15/06/2017;"";"";"";""
59587422d0dad9d2a378d6ed235d173b2a97b94a0d2375bc2623120c209fad99;03/05/2018;"";"";"";""
74af0c62308472cc7a0ce64ffe9e7f3e591494200599150c0c07e7ff9af5c75b;18/02/2018;"";"";"";""
d4b540d4f509982f885d0a65dc15dc94e294be64af9b704874a4b9731acd345b;24/03/2017;"";"";"";""
6ddcb2d2da0c43cb3ef925f9d92f84269197d1929dedf531f6e51deaefd3da10;05/04/2018;"";"";"";""
bce962fa1c6091e295efcb3732ecc432588bf76ca634e1b6c8c2dbbff2c4c4ef;18/08/2017;"";"";"";""
226c49bda0a9ac205f61cd8b877b4b33e8c9a20d3209155b0b1ab5420bb0facd;06/01/2019;"";"";"";""
3260010177c07b09741dd7ecf0593ea4b18aba8ec2b09c023eed368a552e4ade;22/09/2018;"";"";"";""
ffbbb403830c35b87a8761ae4c4ba1212b028027d891148ad9aa3e173352541b;02/02/2017;"";"";"";""
b8f16a1bf046e0a0f950cca9402731685b3fb85c70a151e223d595744bde5777;19/04/2017;"";"";"";""
c6828320be85aaa2c23fa733926d066969492b1b16dab0bcb815409cb549aff9;26/05/2018;"";"";"";""
3776975484d88d7104b84256325f8cfc0040573a00bcb7ae907ec8396ad9eab8;26/05/2017;"";"";"";""
617d465656d368c66a75aa744f97dbf267a25dbe33146f905565dc98f8e2ce26;29/05/2017;"";"";"";""
8b677c290e303fbb1a47c22bbc314bdc727e7e0d5efa1641f2d94306e337cdaa;02/11/2018;"";"";"";""
6e999ec495e3587f4fa0769c22a166a17a5ceba1dbd6b328cd4e4898bf826a70;11/12/2017;"";"";"";""
2db2b60ac94f07fa2c30fd43ae241069839392a94b1b65060418c8667a0367eb;29/12/2017;"";"";"";""
c03bc4488bc625e6121e6674bdba9f827c938bf4812d7ea50f47eb5dcbab2528;25/01/2017;"";"";"";""
c1c81d46c1ff4ba6acf28b5a17b7b768bb11bddbeaa25a76c1de864da075a035;09/03/2018;"";"";"";""
756de33c4fd2f8d99ab3bf628c8a27a4924a8b1f43def5ad549f51828530b3f1;27/04/2018;"";"";"";""
01bf5dfa6633ac6553c271cd4e22d4acddf55d3695c42ba6c3637bb4f7915991;19/05/2017;"";"";"";""
b06d9444c4a5ad1707154a6441200dd3b114b017fe903fb17da51ae841f4c9a1;27/12/2017;"";"";"";""
fc22e5714c269e5c86b9c396d2ce4e5bb5a9481e37af2f3b44fe6d5e6cd0a9dc;03/02/2018;"";"";"";""
8db11823feef683cb7c43636daa20b325a11ba608bacd0ea747f6cb7e8daa49b;11/03/2019;"";"";"";""
fa8ab7e91dabf98577a3238341429d27b72ba09ab0c4fca0ee1615f699727a12;17/08/2018;"";"";"";""
426b602eb959cb9cbe36165076544b0d0d89f112ac1c733b89242da39138db48;04/05/2017;"";"";"";""
883928a0016300a24612dad3ab656c6b79a2985e48f8c2d46a91d16f3270147e;02/03/2018;"";"";"";""
b1e7ac3baa8a6de85c77bbe3de2c0eef0ac130d8c93480ab3ad95318e3ceba69;12/09/2017;"";"";"";""
0fc6f22a46fed2983809da359a0a62c0507031f200a51b26bb30cd38a81a9543;08/03/2018;"";"";"";""
3b44ae92f97fdc4d26016cfc909b20649c1f9887a4489e02f7a34a39017433c0;31/03/2018;"";"";"";""
cee781a6add0f116f9406e7639bf3c0d9491f4a89c67f06187c487042c46c38c;13/01/2019;"";"";"";""
72173ae36213b8f687cfb17e7ae501405cce2c63c06e2cc56730851a4e1c255c;29/04/2018;"";"";"";""
d02c96912a10ec7d7dacedb52b453231ad928b684afdeba2d3fe1120e81094a3;19/07/2017;"";"";"";""
d2253935c4706b3fdea0396cfe6a717eac30ef431669abed09883b427ae4a916;04/12/2017;"";"";"";""
a2d0ef0570728c23e8932588fb4928ca3b340f809e6ce0d22da14fc8e33a429f;26/01/2017;"";"";"";""
c58a45eb864cc6b30b8d7bae67f1ffa8f05d9590f92d6a64a41955398a95944a;14/03/2017;"";"";"";""
59919b6476710a7db1ffdd4f7376554cbfa66b8225d60619c68a87f8cc25112f;30/03/2018;"";"";"";""
b649618bd75ce9ad06ce8196f8370df2540ec8420feceee9624df468a127610d;29/09/2018;"";"";"";""
82fb5b31a053a6df4ff6453692fc3df4dcf65c86fad9bbb13b762aa9876c1568;19/04/2018;"";"";"";""
5f746e906db4964180a7ce8e57c362b9b5015ada4626a7be0b496688540587ff;23/05/2017;"";"";"";""
37ff031e94e4063b4521324b3cd7ebf4eb9bd04738114a8ec6e38c9a46a14fba;20/09/2018;"";"";"";""
a6342ff393df98e2029b6334021cebb044d894e410256b72bc430bfaf88e72ba;13/02/2017;"";"";"";""
41564f8e7f8ac76479dbec42efdc2c58c69db463c9b8cbe827320b44b08fa5c9;21/02/2017;"";"";"";""
0a00c453bccf2162a32634dbe9ac93efe7b0a293f1e16ae72c5596bac903087c;14/10/2018;"";"";"";""
34052e7d4bbbadf80a06e157bf1d5ed5d386297f605123059e7a2a5662174187;03/03/2018;"";"";"";""
34ae1b21a1a0d4501a2eb2cd18a3f603b37a782a6ce5b3ab6cb154d6c62756fa;07/07/2017;"";"";"";""
1ec910f9a465661bc322822814ca7c1bfa505c368d6b9e45a57a13a1f87b629c;31/08/2018;"";"";"";""
9802703a096cab90d9cdc536c4325bda499d95edc93912fba17b10fe69724934;13/10/2017;"";"";"";""
e1a9c894c401130fe534f5deebef7fb7674a07d4c0d152b099d6fec493f8e3b2;12/01/2019;"";"";"";""
bfc4c1527b572f788ef1f421b0592c1d12060b6c864a206e1e8b18bcf5b2b17a;13/08/2018;"";"";"";""
c24d2aced903c5f5bc8fc23c93ff4c15f08e8e36e67a094cc4332d4e2c3c3dad;23/02/2018;"";"";"";""
828e8896b764cfeabd1f4269f34431eb07f75c9985aa1c7bf43b91316d1e75a5;14/06/2018;"";"";"";""
0b2d476436a18d7ef3c7750df7e78b75b1c54f7debe9f1737b1d99ded3d5e609;21/12/2017;"";"";"";""
6b7ae8de4d80a97d27f71ec898fa4550e3ff4008df4635a81bc21e94632e92c0;16/03/2018;"";"";"";""
19d783ab2a52b90d4827202610b16448d56f143b1ca1e4e42feedd0f13107562;22/07/2018;"";"";"";""
9cac314f0272fd62cf346a0f5b540d9146ea5515e753f51ea0330555b21174dd;15/01/2017;"";"";"";""
5abb87043141924b71ca827b47afc5259b3adb28dcf5d04ea4108ab4a2da91ef;15/02/2017;"";"";"";""
ebc4a572f1f8fcaf25d26f705cf7b12b665a8d874d94f68b942d6fd24d097ffa;15/03/2019;"";"";"";""
5d8c35fc6d8a2358a9ed05a2c43ba671a429db83778d7ca81a33d63beae0ef38;22/03/2018;"";"";"";""
f9caba18e9f30218cd62efe95eba2d05c00fc33155d93e62e44220188cb17e7e;24/04/2017;"";"";"";""
574fc63f859ea23c56f51e3891e9d8fcc862325d494548caabef7c90312abafd;01/08/2017;"";"";"";""
365de4fb441a442cdde635d0c4d4b28909522f9c6fa0b7c115ab474f0040e7bc;02/01/2018;"";"";"";""
d3776fa71cbf07f1da2709bb54e6663a192583fdeb3f42d56445c5ba5e0cbb6d;01/10/2018;"";"";"";""
cd75416e309310a20e898c7e57111874c25eae8f2d918d587f5a265b6ed9b3cb;07/11/2017;"";"";"";""
0e476a547947215e50a3047c6e020f8802be1f48b928b738a13629cf84b3a57e;12/07/2018;"";"";"";""
7daeee400cf75f92f3fa664818a0038b49d8dc018410bdc64f19569908e3c135;24/03/2018;"";"";"";""
4686f7d86507a0c517fefa9990dee04cad6063a4a3d5618f9089ee82c4280534;12/07/2017;"";"";"";""
4203dcc9fba2a47711816c8ea7456d7848b050c2bd858157cd4f377765f13d26;21/09/2017;"";"";"";""
7f20fee0e5d05fbe47e35fddfbcdeff42c54ad9e83be8d21a914299eb37a3594;30/12/2018;"";"";"";""
2e0ab0f1d2e585f1f663c266e3ff5fa18633962be45b1254638330a8aeda1ff0;18/07/2017;"";"";"";""
6f5eed56da258871cc5ea2324f11a8ace4487325355a10b020022f7aa9cc0369;21/09/2018;"";"";"";""
ce98d7e2b073d5987f181122f805f4877818ffd6ba9ac22c177cfb49a19701de;27/09/2017;"";"";"";""
64d7b6b59974d712ed229b301e0a5ceab2c361c08f546700acc59e0f14e02f42;18/10/2017;"";"";"";""
6ef4e4d516105e0b0754ffd20034b58f81dc8802006eb5c4aee75ecc42db40b6;29/11/2018;"";"";"";""
d5f23d679c0437ff02b47dc80d83ff330b0fa043988ba68aef6c8ce05d2b0c22;07/12/2018;"";"";"";""
e6c3150d53dc6a606771153925f023d09fe034fbb734f3abad639d36cc515fcf;07/01/2018;"";"";"";""
314b7abdbd17ee8887edb9344ca1dc6799db61a386a3179a120127995ea5de87;02/08/2018;"";"";"";""
7d7f761f04bc0d1b3f4b4178132a76686d35ab2c1e2f65e69c87fd3831ef6367;22/10/2018;"";"";"";""
05dfc3bb2fa192303cbd777639a0dc32e9db08d88555ac3d09ae03771c57c1d2;20/03/2017;"";"";"";""
b22835b3fb56b07a1081413dba57031541580ae2795ba7bdda34e0d361e268c7;28/12/2018;"";"";"";""
4284c47c40798931c9dc9c5e26648f2674fc7a58efd6a350d28be6ce6295d053;02/03/2019;"";"";"";""
1a79aa8ea07d82df74ca0fc1340b7cd367068f84e566deea53b398ab39a93835;29/09/2017;"";"";"";""
ddc769ca008d514faffbb8d8090685b6f4bc1aafe3a602b1ccb62bbaf74d615a;05/02/2019;"";"";"";""
66a46dbd7c9209586bf1b50c3e1e80a0e27fce56b6bd59df09dd840debd18e84;05/05/2017;"";"";"";""
88e6aec382f0b4b469c9c735d26f422033da7b40c7c66af282e3a52794c5d4a8;28/06/2017;"";"";"";""
5750efc8060765dac078b7c0fbbcca3d89828d74df806179d6e7e356a75b573c;15/11/2017;"";"";"";""
9457e8f34b2c1f2d166f5dce7427919a0e2059258c9172ad3385272bccda168b;16/11/2017;"";"";"";""
38c571182e7cfb7111d99f7b196b21cb3f66cab9a0e59f5d8cbca48817273639;13/02/2018;"";"";"";""
849cdbdde9279e75c989431b203aad261b4607de8ab7cc4372e918b56a388eb2;11/05/2017;"";"";"";""
f2269fbfb0367662487403646a1baacc376c15bd34534863385148b5fa1cd7f1;31/08/2017;"";"";"";""
448961a522478cfec2ace97fcc9a4244059ea20d4610b99be4e5236bf0fa85b9;01/01/2019;"";"";"";""
6e592e207ce3a3b78a3770507ce27790aa7dc25e2ea6252a71e799abecb69930;04/01/2019;"";"";"";""
6b902ddd7eec0c384baa900921086d7b2465c6a856b443d246b893e4696ffda6;02/12/2018;"";"";"";""
ec23a5641af3b018c5fc5ed137a243f4277894f94e2502395cd2a68e1b54e242;12/02/2019;"";"";"";""
2bee17b2e24a0b1c82f2a9cc326c41dd11a960d54b6d04894c362b4a0f9fcf64;25/04/2017;"";"";"";""
85cd1feda17297ef7aef6ba0382681c52be4caed4a4ea4ae2693a5208082f79c;16/05/2017;"";"";"";""
d55557c1ed3af42c8d9e97108f7d7c6fc55d1f84410776314706da7b3a5c010e;05/09/2017;"";"";"";""
45239dc667b2a3093aa85c1fce8ab0f8b1c08b605fc704ff80670e6cc44644f7;30/09/2018;"";"";"";""
83ab2438f3919e6641a3cad6a67d59e1a9903a22658ee2d3e7b726e23ec2ba62;04/10/2018;"";"";"";""
d4e15f9a8923a1715b3ef2916daa39529c5f091edf21ad157ef3f1c828b88ad0;14/12/2018;"";"";"";""
b09febd75e8ba7906bc964878ab185ff3f1f8614bf1c40e0d570fc1fd5be5261;21/05/2018;"";"";"";""
7a65454490718fcc9b8d3d80c0bb2613dc79a9ef8aa1182d9a097e081905d686;15/01/2018;"";"";"";""
00b966432a219a616fea56327ff19361599c00f70f595d68710248a18c4f0d20;21/04/2018;"";"";"";""
4745e306a8d87d389c536b3fcf521916546c14a59a9d1a7a06d413145c0db0f3;03/09/2018;"";"";"";""
a737631f79d0545e47146bbb594bca3ac4a01755107237df8256152eb1edd941;07/10/2018;"";"";"";""
4e9440ee1b0cc965877a21e2123208a0c4348b4ece218fe3fe01199e41b311cf;31/01/2017;"";"";"";""
f6deb0117bc5d89c3a4d895b6a7f49fc5f1e201c423f8dd3af298babcdd31bc3;15/05/2017;"";"";"";""
da45828b4f81cc1d97fbd20f13c7cdb065942b05e8cd4820cdf6650579460d9d;31/05/2017;"";"";"";""
c28d76b6115a13e564d9a401ab8d9dd5061bc99e3ed80c07615d24da344d1d62;28/12/2017;"";"";"";""
de179409c1f3f77de35a7c090b056c4956e07467b399e93a295200cc3872995a;27/12/2018;"";"";"";""
cdceedaf9aa816346fb8e7fecdd8f44b2ff626b6279d6df764ad496feee267ea;29/10/2018;"";"";"";""
d35e51f83b00479323875896d04557143b0172e2ece20050c561eab3a4cf46cc;22/11/2018;"";"";"";""
69f290623bf248e9ba12539a11047b08dab90b67ed106852780877681dc4e00f;14/03/2019;"";"";"";""
f0b18d42986c29152d2430f1d6d8c119e3776012acdc5cab3b8ea406d6c2b1ab;01/09/2018;"";"";"";""
f1b6773d7e441fa6b0350df496f7a59a3cb11c685c58c05aee2bde8ec49d2651;22/03/2017;"";"";"";""
014fc0420dd8ca0b2ce81778b5e4d5e29710665bc42dbe99573f12bce6376f8a;23/03/2017;"";"";"";""
a7f9d577161a57b5d5a7b43ad3394e1e9b4488023e77e1010d0e325f168d6468;09/04/2018;"";"";"";""
5f66771be26679a0e7b39731a833eaec1a5398689ac502fa2f7ed1fbd9941012;03/08/2017;"";"";"";""
1358c6360bd9a073aac2d5bc4132e9774732ef1b9c43fd9d49cb7cfc00432759;24/11/2017;"";"";"";""
